Titre,Lien,Image,Résumé
Qu'est-ce qu'un ETF profilé? Guide complet,https://finary.com/fr/blog/bourse/etf/qu-est-ce-qu-un-etf-profile,https://wf-cache.finary.com/65a191779afa41145703b335/684307d145c03b1f38a806d1_64fb4d9ac1d7723434b54019%252F684307d031930d8f5c331da7_fus-e-dor-e-au-d-collage.avif,
Meilleurs ETF Chine : Le guide complet 2025,https://finary.com/fr/blog/bourse/etf/meilleurs-etf-chine,https://wf-cache.finary.com/65a191779afa41145703b335/6843064af3f9c7951c157a74_64fb4d9ac1d7723434b54019%252F684306497de6aece19bd09ce_grande-muraille-de-chine.avif,
Meilleurs ETF Amérique Latine: Guide d'investissement 2025,https://finary.com/fr/blog/bourse/etf/meilleurs-etf-amerique-latine,https://wf-cache.finary.com/65a191779afa41145703b335/684b30b53167068acc6ee90a_64fb4d9ac1d7723434b54019%252F684b30b408f688b2411193fe_carte-et-boussole-dor-es.avif,
Notre sélection des meilleurs ETF PEA,https://finary.com/fr/blog/bourse/etf/etf-pea,https://wf-cache.finary.com/65a191779afa41145703b335/66aa415c864607482d0efc69_etf-pea.webp,
Comment et pourquoi investir dans l’art en 2025 ?,https://finary.com/fr/blog/epargne/exotique/collection/investir-dans-l-art,https://wf-cache.finary.com/65a191779afa41145703b335/6685c7373569c5fad9483fbe_investir-dans-l-art.webp,
Les 10 meilleures applications de gestion de budget en 2025,https://finary.com/fr/blog/finance-perso/budget/meilleures-applications-budget,https://wf-cache.finary.com/65a191779afa41145703b335/65c39cdf7ecbd93573e8f601_app-gestion-budget%20(1).avif,
Quelle est la meilleure banque pour votre PEA en 2025 ?,https://finary.com/fr/blog/banques-courtiers/comparatif-banques/meilleure-banque-pea,https://wf-cache.finary.com/65a191779afa41145703b335/66aa40cc26fce33b34d54964_quelle-banque-choisir-pea.webp,
Meilleurs ETF blockchain : performances et frais analysés,https://finary.com/fr/blog/bourse/etf/meilleurs-etf-blockchain,https://wf-cache.finary.com/65a191779afa41145703b335/684b4a32fca1db203b45ef91_64fb4d9ac1d7723434b54019%252F684b4a31906a967e90b89e60_featured-image-meilleurs-etf-blockchain-png.avif,
Meilleur ETF Asie : les 5 meilleurs pour investir en 2025,https://finary.com/fr/blog/bourse/etf/meilleur-etf-asie,https://wf-cache.finary.com/65a191779afa41145703b335/684b4a039fd489da50aec2af_64fb4d9ac1d7723434b54019%252F684b4a01206c63112d8fa22a_featured-image-meilleur-etf-asie-png.avif,
Meilleurs ETF agricoles : Guide d'investissement 2024,https://finary.com/fr/blog/bourse/etf/meilleurs-etf-agricoles,https://wf-cache.finary.com/65a191779afa41145703b335/684b30cbe4a158b31858cc98_64fb4d9ac1d7723434b54019%252F684b30cae4a158b31858cc14_champ-de-bl-dor.avif,
Meilleurs ETF cybersécurité : Guide complet pour investir,https://finary.com/fr/blog/bourse/etf/meilleurs-etf-cybersecurite,https://wf-cache.finary.com/65a191779afa41145703b335/684b30e108f688b24111b2ed_64fb4d9ac1d7723434b54019%252F684b30e0aed70c444b9f3a6a_serveur-informatique-dans-une-pi-ce.avif,
Le top 10 des applications pour investir en bourse en 2025,https://finary.com/fr/blog/bourse/debuter/les-top-10-applications-pour-investir-en-bourse,,
Comment investir en bourse ? Le guide 2025,https://finary.com/fr/blog/bourse/debuter/comment-investir-en-bourse,,
Les types d'investissement et supports pour investir en Bourse,https://finary.com/fr/blog/bourse/debuter/les-types-dinvestissement-et-supports-pour-investir-en-bourse,,
Comment acheter des actions ? Le guide ultime 2025,https://finary.com/fr/blog/bourse/actions/comment-acheter-des-actions,,
BSPCE : le guide 2025,https://finary.com/fr/blog/bourse/actions/bspce-guide,,
PEA ou compte titres en 2025 : lequel choisir ?,https://finary.com/fr/blog/epargne/plans/pea/pea-ou-compte-titres,https://wf-cache.finary.com/65a191779afa41145703b335/65e9971a614dffbcd5d8e45e_pea-ou-cto.png,
Quelle est la fiscalité du PEA en 2025 ?,https://finary.com/fr/blog/epargne/plans/pea/fiscalite-pea,https://wf-cache.finary.com/65a191779afa41145703b335/65ef0ead6cd939998e27f6b2_fiscalite-pea.webp,
Combien rapportent 200 000 euros placés par mois ?,https://finary.com/fr/blog/epargne/ou-placer/combien-rapportent/combien-rapportent-200-000-euros-places-par-mois,https://wf-cache.finary.com/65a191779afa41145703b335/65e98db25b378512ca08c514_investir-200000.avif,
ETF crypto : tout ce que vous devez savoir avant d'investir,https://finary.com/fr/blog/crypto/investir/etf-crypto,https://wf-cache.finary.com/65a191779afa41145703b335/6810de7a4c90b8fa71374814_etf-crypto-featured-image.avif,
Qu’est-ce qu’un airdrop ? Tout ce que vous devez savoir,https://finary.com/fr/blog/crypto/investir/qu-est-ce-qu-un-airdrop,https://wf-cache.finary.com/65a191779afa41145703b335/6810de536e857b895d68cde0_Qu-est-ce-qu-un-airdrop-featured-image.avif,
Top 8 des meilleures appli crypto pour investir en 2025,https://finary.com/fr/blog/crypto/investir/meilleures-appli-crypto,https://wf-cache.finary.com/65a191779afa41145703b335/6810de3d653b74dbddbd1f42_Meilleures-appli-crypto-featured-image.avif,
Qu'est-ce que le crédit Lombard et comment fonctionne-t-il ?,https://finary.com/fr/blog/immobilier/credit/qu-est-ce-que-le-credit-lombard,https://wf-cache.finary.com/65a191779afa41145703b335/685942a2f9ef0cb35324eb14_qu%27est-ce-qu%27un-cre%CC%81dit-lombard.avif,
Comment obtenir un crédit lombard: le guide complet,https://finary.com/fr/blog/immobilier/credit/comment-obtenir-un-credit-lombard,https://wf-cache.finary.com/65a191779afa41145703b335/685941ea1417ca0fa27d6d7a_obtenir%20cre%CC%81dit%20lombard.avif,
Investir dans les parkings en 2025 : le guide ultime,https://finary.com/fr/blog/immobilier/locatif/investir-parking,https://wf-cache.finary.com/65a191779afa41145703b335/65ef18531cfdc77c62fb6021_finarygrowth_parking_with_cars_c990a111-b036-47f2-beba-0f43fa8d1bc8-1%20(1).avif,
Tableau Excel Budget : Avantages & Inconvénients,https://finary.com/fr/blog/finance-perso/budget/tableau-excel-budget,https://wf-cache.finary.com/65a191779afa41145703b335/65f04dabc5b2ce457bf8cea6_tableau-excel-budget.avif,
Budget familial : astuces pour bien le gérer,https://finary.com/fr/blog/finance-perso/budget/budget-familial,https://wf-cache.finary.com/65a191779afa41145703b335/65c39e5697694530bb268395_budget-familial.avif,
Règle des 50/30/20 : gérez votre budget !,https://finary.com/fr/blog/finance-perso/budget/regle-50-30-20,https://wf-cache.finary.com/65a191779afa41145703b335/66aa404fccea9fa090c5c360_regle-50-30-20.webp,
Quelle est la meilleure banque en ligne ? Comparatif,https://finary.com/fr/blog/banques-courtiers/comparatif-banques/quelle-est-la-meilleure-banque-en-ligne-comparatif,https://wf-cache.finary.com/65a191779afa41145703b335/65f80587a7dc6825ef783365_meilleure-banque.avif,
Quelle est la meilleure banque pour votre PEA en 2025 ?,https://finary.com/fr/blog/banques-courtiers/comparatif-banques/meilleure-banque-pea,https://wf-cache.finary.com/65a191779afa41145703b335/66aa40cc26fce33b34d54964_quelle-banque-choisir-pea.webp,
